{
  "1438954374926696562": {
    "enabled": false,
    "spamEnabled": false,
    "spamMessageLimit": 5,
    "spamTimeWindow": 5000,
    "spamAction": "mute",
    "spamMuteDuration": 600000,
    "massMentionEnabled": false,
    "massMentionLimit": 5,
    "massMentionAction": "mute",
    "massMentionMuteDuration": 1800000,
    "capsEnabled": false,
    "capsPercentage": 70,
    "capsMinLength": 10,
    "capsAction": "delete",
    "linkSpamEnabled": true,
    "linkSpamLimit": 3,
    "linkSpamAction": "delete",
    "invitesEnabled": false,
    "invitesAction": "delete",
    "invitesWhitelist": [],
    "duplicateEnabled": true,
    "duplicateLimit": 3,
    "duplicateTimeWindow": 10000,
    "duplicateAction": "warn",
    "antiRaidEnabled": false,
    "antiRaidJoinLimit": 10,
    "antiRaidTimeWindow": 10000,
    "antiRaidAction": "kick",
    "antiRaidLockdown": true,
    "ignoredRoles": [],
    "ignoredChannels": [],
    "logChannel": null
  },
  "1417504321691713568": {
    "enabled": true,
    "spamEnabled": true,
    "spamMessageLimit": 5,
    "spamTimeWindow": 5000,
    "spamAction": "mute",
    "spamMuteDuration": 600000,
    "massMentionEnabled": true,
    "massMentionLimit": 5,
    "massMentionAction": "mute",
    "massMentionMuteDuration": 1800000,
    "capsEnabled": true,
    "capsPercentage": 70,
    "capsMinLength": 10,
    "capsAction": "delete",
    "linkSpamEnabled": true,
    "linkSpamLimit": 3,
    "linkSpamAction": "delete",
    "invitesEnabled": false,
    "invitesAction": "delete",
    "invitesWhitelist": [],
    "duplicateEnabled": true,
    "duplicateLimit": 3,
    "duplicateTimeWindow": 10000,
    "duplicateAction": "warn",
    "antiRaidEnabled": true,
    "antiRaidJoinLimit": 10,
    "antiRaidTimeWindow": 10000,
    "antiRaidAction": "kick",
    "antiRaidLockdown": true,
    "ignoredRoles": [],
    "ignoredChannels": [],
    "logChannel": null
  },
  "1453361141236629546": {
    "enabled": true,
    "spamEnabled": true,
    "spamMessageLimit": 5,
    "spamTimeWindow": 5000,
    "spamAction": "mute",
    "spamMuteDuration": 600000,
    "massMentionEnabled": true,
    "massMentionLimit": 5,
    "massMentionAction": "mute",
    "massMentionMuteDuration": 1800000,
    "capsEnabled": true,
    "capsPercentage": 70,
    "capsMinLength": 10,
    "capsAction": "delete",
    "linkSpamEnabled": true,
    "linkSpamLimit": 3,
    "linkSpamAction": "delete",
    "invitesEnabled": false,
    "invitesAction": "delete",
    "invitesWhitelist": [],
    "duplicateEnabled": true,
    "duplicateLimit": 3,
    "duplicateTimeWindow": 10000,
    "duplicateAction": "warn",
    "antiRaidEnabled": true,
    "antiRaidJoinLimit": 10,
    "antiRaidTimeWindow": 10000,
    "antiRaidAction": "kick",
    "antiRaidLockdown": true,
    "ignoredRoles": [],
    "ignoredChannels": [],
    "logChannel": null
  },
  "1426610566507659357": {
    "enabled": true,
    "spamEnabled": true,
    "spamMessageLimit": 5,
    "spamTimeWindow": 5000,
    "spamAction": "mute",
    "spamMuteDuration": 600000,
    "massMentionEnabled": true,
    "massMentionLimit": 5,
    "massMentionAction": "mute",
    "massMentionMuteDuration": 1800000,
    "capsEnabled": true,
    "capsPercentage": 70,
    "capsMinLength": 10,
    "capsAction": "delete",
    "linkSpamEnabled": true,
    "linkSpamLimit": 3,
    "linkSpamAction": "delete",
    "invitesEnabled": false,
    "invitesAction": "delete",
    "invitesWhitelist": [],
    "duplicateEnabled": true,
    "duplicateLimit": 3,
    "duplicateTimeWindow": 10000,
    "duplicateAction": "warn",
    "antiRaidEnabled": true,
    "antiRaidJoinLimit": 10,
    "antiRaidTimeWindow": 10000,
    "antiRaidAction": "kick",
    "antiRaidLockdown": true,
    "ignoredRoles": [],
    "ignoredChannels": [],
    "logChannel": null
  }
}