{
  "1438954374926696562": {
    "627789575921729536": {
      "xp": 75,
      "level": 4,
      "totalXp": 845,
      "lastXpGain": 1769978136146,
      "messageCount": 52
    },
    "1353245240785506434": {
      "xp": 150,
      "level": 2,
      "totalXp": 405,
      "lastXpGain": 1769973371848,
      "messageCount": 25
    },
    "1017470870396092496": {
      "xp": 111,
      "level": 3,
      "totalXp": 586,
      "lastXpGain": 1769973657600,
      "messageCount": 38
    },
    "1299307039410880577": {
      "xp": 60,
      "level": 0,
      "totalXp": 60,
      "lastXpGain": 1769958317694,
      "messageCount": 4
    },
    "372195887331409920": {
      "xp": 26,
      "level": 2,
      "totalXp": 281,
      "lastXpGain": 1769974734176,
      "messageCount": 17
    },
    "1412653129534672927": {
      "xp": 95,
      "level": 1,
      "totalXp": 195,
      "lastXpGain": 1769959822683,
      "messageCount": 13
    },
    "1300056401976102916": {
      "xp": 80,
      "level": 1,
      "totalXp": 180,
      "lastXpGain": 1769967580414,
      "messageCount": 11
    },
    "1408841422928482355": {
      "xp": 23,
      "level": 2,
      "totalXp": 278,
      "lastXpGain": 1769974158247,
      "messageCount": 16
    },
    "942084068793778248": {
      "xp": 78,
      "level": 0,
      "totalXp": 78,
      "lastXpGain": 1769959724227,
      "messageCount": 5
    },
    "885023669963857930": {
      "xp": 116,
      "level": 1,
      "totalXp": 216,
      "lastXpGain": 1769959821054,
      "messageCount": 14
    },
    "1273201868713103414": {
      "xp": 110,
      "level": 1,
      "totalXp": 210,
      "lastXpGain": 1769959801890,
      "messageCount": 14
    },
    "762697542810599465": {
      "xp": 38,
      "level": 1,
      "totalXp": 138,
      "lastXpGain": 1769965128755,
      "messageCount": 9
    },
    "901332796889522196": {
      "xp": 35,
      "level": 1,
      "totalXp": 135,
      "lastXpGain": 1769962266838,
      "messageCount": 9
    },
    "1377697892701044777": {
      "xp": 30,
      "level": 0,
      "totalXp": 30,
      "lastXpGain": 1769959114352,
      "messageCount": 2
    },
    "1340690741244071996": {
      "xp": 15,
      "level": 0,
      "totalXp": 15,
      "lastXpGain": 1769959017917,
      "messageCount": 1
    },
    "859019332591288341": {
      "xp": 15,
      "level": 0,
      "totalXp": 15,
      "lastXpGain": 1769959025751,
      "messageCount": 1
    },
    "1467457655726407701": {
      "xp": 45,
      "level": 0,
      "totalXp": 45,
      "lastXpGain": 1769966268665,
      "messageCount": 3
    },
    "1418849296811298846": {
      "xp": 38,
      "level": 1,
      "totalXp": 138,
      "lastXpGain": 1769964225534,
      "messageCount": 9
    },
    "1417750931734401035": {
      "xp": 60,
      "level": 0,
      "totalXp": 60,
      "lastXpGain": 1769959688075,
      "messageCount": 4
    },
    "1262434536013303911": {
      "xp": 99,
      "level": 2,
      "totalXp": 354,
      "lastXpGain": 1769973595530,
      "messageCount": 21
    },
    "863002905975980032": {
      "xp": 3,
      "level": 1,
      "totalXp": 103,
      "lastXpGain": 1769973259937,
      "messageCount": 6
    },
    "1441722609313251420": {
      "xp": 63,
      "level": 0,
      "totalXp": 63,
      "lastXpGain": 1769971339483,
      "messageCount": 4
    },
    "429080796754739201": {
      "xp": 76,
      "level": 0,
      "totalXp": 76,
      "lastXpGain": 1769974065218,
      "messageCount": 4
    },
    "1215849689627492443": {
      "xp": 133,
      "level": 1,
      "totalXp": 233,
      "lastXpGain": 1769966395873,
      "messageCount": 15
    },
    "1300908764261777439": {
      "xp": 41,
      "level": 1,
      "totalXp": 141,
      "lastXpGain": 1769966766126,
      "messageCount": 8
    },
    "1336422815745704040": {
      "xp": 11,
      "level": 2,
      "totalXp": 266,
      "lastXpGain": 1769973032920,
      "messageCount": 14
    },
    "837644260559421510": {
      "xp": 200,
      "level": 2,
      "totalXp": 455,
      "lastXpGain": 1769975895197,
      "messageCount": 26
    },
    "980851091300319323": {
      "xp": 20,
      "level": 0,
      "totalXp": 20,
      "lastXpGain": 1769966452025,
      "messageCount": 1
    },
    "841676548267704332": {
      "xp": 15,
      "level": 0,
      "totalXp": 15,
      "lastXpGain": 1769966824726,
      "messageCount": 1
    },
    "475608144933027850": {
      "xp": 30,
      "level": 0,
      "totalXp": 30,
      "lastXpGain": 1769973580434,
      "messageCount": 2
    },
    "1343939901045084192": {
      "xp": 81,
      "level": 0,
      "totalXp": 81,
      "lastXpGain": 1769973225500,
      "messageCount": 5
    },
    "1210624449242603530": {
      "xp": 99,
      "level": 0,
      "totalXp": 99,
      "lastXpGain": 1769974115469,
      "messageCount": 6
    },
    "1423231732861108317": {
      "xp": 84,
      "level": 0,
      "totalXp": 84,
      "lastXpGain": 1769974776659,
      "messageCount": 5
    }
  },
  "1417504321691713568": {
    "1177573070244954122": {
      "xp": 63,
      "level": 0,
      "totalXp": 63,
      "lastXpGain": 1769972986520,
      "messageCount": 4
    },
    "627789575921729536": {
      "xp": 45,
      "level": 0,
      "totalXp": 45,
      "lastXpGain": 1769967473067,
      "messageCount": 3
    },
    "901332796889522196": {
      "xp": 68,
      "level": 1,
      "totalXp": 168,
      "lastXpGain": 1769965189582,
      "messageCount": 10
    },
    "372195887331409920": {
      "xp": 84,
      "level": 0,
      "totalXp": 84,
      "lastXpGain": 1769965263804,
      "messageCount": 5
    },
    "980851091300319323": {
      "xp": 33,
      "level": 0,
      "totalXp": 33,
      "lastXpGain": 1769964310312,
      "messageCount": 2
    },
    "1137074801152897046": {
      "xp": 74,
      "level": 0,
      "totalXp": 74,
      "lastXpGain": 1769972705538,
      "messageCount": 4
    },
    "1299307039410880577": {
      "xp": 36,
      "level": 0,
      "totalXp": 36,
      "lastXpGain": 1769965455363,
      "messageCount": 2
    },
    "1408841422928482355": {
      "xp": 15,
      "level": 0,
      "totalXp": 15,
      "lastXpGain": 1769965124477,
      "messageCount": 1
    },
    "837644260559421510": {
      "xp": 51,
      "level": 0,
      "totalXp": 51,
      "lastXpGain": 1769967533591,
      "messageCount": 3
    },
    "1002844903555989514": {
      "xp": 20,
      "level": 0,
      "totalXp": 20,
      "lastXpGain": 1769972453249,
      "messageCount": 1
    },
    "930004391816233020": {
      "xp": 15,
      "level": 0,
      "totalXp": 15,
      "lastXpGain": 1769972557664,
      "messageCount": 1
    }
  },
  "1453361141236629546": {
    "627789575921729536": {
      "xp": 98,
      "level": 0,
      "totalXp": 98,
      "lastXpGain": 1769967079772,
      "messageCount": 6
    },
    "1410560571899646023": {
      "xp": 33,
      "level": 0,
      "totalXp": 33,
      "lastXpGain": 1769967421881,
      "messageCount": 2
    },
    "1282695335575027785": {
      "xp": 15,
      "level": 0,
      "totalXp": 15,
      "lastXpGain": 1769965093488,
      "messageCount": 1
    },
    "1185908891452710992": {
      "xp": 94,
      "level": 2,
      "totalXp": 349,
      "lastXpGain": 1769967280144,
      "messageCount": 19
    }
  },
  "1426610566507659357": {
    "901332796889522196": {
      "xp": 18,
      "level": 0,
      "totalXp": 18,
      "lastXpGain": 1769961212865,
      "messageCount": 1
    }
  }
}