{
  "1438954374926696562": {
    "1375346004626243645": [
      {
        "reason": "gay",
        "moderatorId": "627789575921729536",
        "timestamp": 1769879037226
      }
    ],
    "1418849296811298846": [
      {
        "reason": "test",
        "moderatorId": "837644260559421510",
        "timestamp": 1769937113200
      },
      {
        "reason": "testinf",
        "moderatorId": "837644260559421510",
        "timestamp": 1769937134452
      }
    ],
    "627789575921729536": [
      {
        "reason": "testing",
        "moderatorId": "1300056401976102916",
        "timestamp": 1769937251523
      }
    ],
    "1017470870396092496": [
      {
        "id": 1769939633036.5645,
        "reason": "too cute",
        "moderatorId": "627789575921729536",
        "timestamp": 1769939633036,
        "expiresAt": 1770026033036
      }
    ]
  }
}