{
  "1417504321691713568": {
    "welcomeEnabled": false,
    "welcomeChannel": null,
    "welcomeMessage": "Welcome {user} to **{server}**! You are member #{membercount}!",
    "welcomeEmbed": true,
    "welcomeEmbedColor": "#5865F2",
    "welcomeEmbedTitle": "👋 Welcome!",
    "welcomeEmbedDescription": "Welcome {mention} to **{server}**!\n\nYou are member **#{membercount}**!",
    "welcomeEmbedThumbnail": true,
    "welcomeEmbedImage": null,
    "goodbyeEnabled": false,
    "goodbyeChannel": null,
    "goodbyeMessage": "Goodbye **{user}**! We hope to see you again!",
    "goodbyeEmbed": true,
    "goodbyeEmbedColor": "#ED4245",
    "goodbyeEmbedTitle": "👋 Goodbye",
    "goodbyeEmbedDescription": "**{user}** has left the server. We'll miss you!",
    "autoRole": null,
    "autoRoleDelay": 0,
    "dmWelcome": false,
    "dmWelcomeMessage": "Welcome to **{server}**! Thanks for joining!"
  },
  "1438954374926696562": {
    "welcomeEnabled": false,
    "welcomeChannel": null,
    "welcomeMessage": "Welcome {user} to **{server}**! You are member #{membercount}!",
    "welcomeEmbed": true,
    "welcomeEmbedColor": "#5865F2",
    "welcomeEmbedTitle": "👋 Welcome!",
    "welcomeEmbedDescription": "Welcome {mention} to **{server}**!\n\nYou are member **#{membercount}**!",
    "welcomeEmbedThumbnail": true,
    "welcomeEmbedImage": null,
    "goodbyeEnabled": false,
    "goodbyeChannel": null,
    "goodbyeMessage": "Goodbye **{user}**! We hope to see you again!",
    "goodbyeEmbed": true,
    "goodbyeEmbedColor": "#ED4245",
    "goodbyeEmbedTitle": "👋 Goodbye",
    "goodbyeEmbedDescription": "**{user}** has left the server. We'll miss you!",
    "autoRole": null,
    "autoRoleDelay": 0,
    "dmWelcome": false,
    "dmWelcomeMessage": "Welcome to **{server}**! Thanks for joining!"
  }
}